“,ASTInterpreter2,“,","
“, AbstractFFTs,“,","
“, AbstractTrees,“,","
“, Adapt,“,","
“, Arrow,“,","
“, AssetRegistry,“,","
“, Atom,“,","
“, AutoGrad,“,","
“, AutoHashEquals,“,","
“, AxisAlgorithms,“,","
“, AxisArrays,“,","
“, BSON,“,","
“, BandedMatrices,“,","
“, BasisMatrices,“,","
“, BinDeps,“,","
“, BinaryProvider,“,","
“, Blink,“,","
“, Blosc,“,","
“, BoundaryValueDiffEq,“,","
“, BufferedStreams,“,","
“, BusinessDays,“,","
“, CMakeWrapper,“,","
“, CSSUtil,“,","
“, CSV,“,","
“, CSVFiles,“,","
“, CUDAapi,“,","
“, Cairo,“,","
“, Calculus,“,","
“, CatIndices,“,","
“, CategoricalArrays,“,","
“, Cbc,“,","
“, ChaosTools,“,","
“, ChunkedArrays,“,","
“, Clustering,“,","
“, CodeTools,“,","
“, CodecZlib,“,","
“, Codecs,“,","
“, ColorTypes,“,","
“, ColorVectorSpace,“,","
“, Colors,“,","
“, Combinatorics,“,","
“, CommonSubexpressions,“,","
“, Compat,“,","
“, Compose,“,","
“, ComputationalResources,“,","
“, Conda,“,","
“, Contour,“,","
“, CoordinateTransformations,“,","
“, CoupledFields,“,","
“, CustomUnitRanges,“,","
“, DSP,“,","
“, Dagger,“,","
“, DataArrays,“,","
“, DataFlow,“,","
“, DataFrames,“,","
“, DataStreams,“,","
“, DataStructures,“,","
“, DataValues,“,","
“, DataVoyager,“,","
“, DebuggerFramework,“,","
“, DecFP,“,","
“, DecisionTree,“,","
“, DelayDiffEq,“,","
“, DiffBase,“,","
“, DiffEqBase,“,","
“, DiffEqBiological,“,","
“, DiffEqCallbacks,“,","
“, DiffEqDevTools,“,","
“, DiffEqDiffTools,“,","
“, DiffEqFinancial,“,","
“, DiffEqJump,“,","
“, DiffEqMonteCarlo,“,","
“, DiffEqNoiseProcess,“,","
“, DiffEqOperators,“,","
“, DiffEqPDEBase,“,","
“, DiffEqParamEstim,“,","
“, DiffEqPhysics,“,","
“, DiffEqSensitivity,“,","
“, DiffEqUncertainty,“,","
“, DiffResults,“,","
“, DiffRules,“,","
“, DifferentialEquations,“,","
“, DimensionalPlotRecipes,“,","
“, Distances,“,","
“, DistributedArrays,“,","
“, Distributions,“,","
“, DocSeeker,“,","
“, DocStringExtensions,“,","
“, Documenter,“,","
“, Dolang,“,","
“, Dolo,“,","
“, DualNumbers,“,","
“, DynamicalSystems,“,","
“, DynamicalSystemsBase,“,","
“, ECOS,“,","
“, Electron,“,","
“, Elemental,“,","
“, EllipsisNotation,“,","
“, ExcelFiles,“,","
“, ExcelReaders,“,","
“, FFTViews,“,","
“, FFTW,“,","
“, FastClosures,“,","
“, FeatherFiles,“,","
“, FeatherLib,“,","
“, FileIO,“,","
“, FilePaths,“,","
“, FilePathsBase,“,","
“, FillArrays,“,","
“, FixedPointNumbers,“,","
“, FlatBuffers,“,","
“, Flux,“,","
“, Formatting,“,","
“, ForwardDiff,“,","
“, FreqTables,“,","
“, FunctionWrappers,“,","
“, FunctionalCollections,“,","
“, GLM,“,","
“, GLPK,“,","
“, GLPKMathProgInterface,“,","
“, GR,“,","
“, GZip,“,","
“, Gadfly,“,","
“, Gallium,“,","
“, GenericSVD,“,","
“, GeoInterface,“,","
“, GeoJSON,“,","
“, Glob,“,","
“, Graphics,“,","
“, HDF5,“,","
“, HTTP,“,","
“, Hexagons,“,","
“, Hiccup,“,","
“, HttpCommon,“,","
“, HttpParser,“,","
“, HttpServer,“,","
“, HypothesisTests,“,","
“, IJulia,“,","
“, IdentityRanges,“,","
“, ImageAxes,“,","
“, ImageCore,“,","
“, ImageDistances,“,","
“, ImageFiltering,“,","
“, ImageMagick,“,","
“, ImageMetadata,“,","
“, ImageMorphology,“,","
“, ImageTransformations,“,","
“, Images,“,","
“, IndexedTables,“,","
“, IndirectArrays,“,","
“, IniFile,“,","
“, Interact,“,","
“, InteractBase,“,","
“, InteractBulma,“,","
“, InteractUIkit,“,","
“, InternedStrings,“,","
“, Interpolations,“,","
“, IntervalSets,“,","
“, Ipopt,“,","
“, IterTools,“,","
“, IterableTables,“,","
“, IterativeSolvers,“,","
“, IteratorInterfaceExtensions,“,","
“, Iterators,“,","
“, JDBC,“,","
“, JLD,“,","
“, JSExpr,“,","
“, JSON,“,","
“, JavaCall,“,","
“, JuMP,“,","
“, JuliaDB,“,","
“, JuliaWebAPI,“,","
“, Juno,“,","
“, KernelDensity,“,","
“, Knet,“,","
“, Knockout,“,","
“, LNR,“,","
“, LaTeXStrings,“,","
“, Lazy,“,","
“, LearnBase,“,","
“, LegacyStrings,“,","
“, Libz,“,","
“, LightGraphs,“,","
“, LightXML,“,","
“, LinQuadOptInterface,“,","
“, LineSearches,“,","
“, LinearMaps,“,","
“, Loess,“,","
“, Logging,“,","
“, LossFunctions,“,","
“, LsqFit,“,","
“, MAT,“,","
“, MLBase,“,","
“, MNIST,“,","
“, MPI,“,","
“, MacroTools,“,","
“, MappedArrays,“,","
“, MathOptInterface,“,","
“, MathProgBase,“,","
“, MbedTLS,“,","
“, Measures,“,","
“, Media,“,","
“, MemPool,“,","
“, Memento,“,","
“, Metalhead,“,","
“, MicroLogging,“,","
“, Mimi,“,","
“, Missings,“,","
“, Mocha,“,","
“, Mocking,“,","
“, MuladdMacro,“,","
“, MultiScaleArrays,“,","
“, MultivariateStats,“,","
“, Mustache,“,","
“, Mux,“,","
“, MySQL,“,","
“, NLSolversBase,“,","
“, NLopt,“,","
“, NLsolve,“,","
“, NNlib,“,","
“, NaNMath,“,","
“, NamedArrays,“,","
“, NamedTuples,“,","
“, NearestNeighbors,“,","
“, Nettle,“,","
“, NodeJS,“,","
“, Nullables,“,","
“, ODBC,“,","
“, Observables,“,","
“, OffsetArrays,“,","
“, OnlineStats,“,","
“, OnlineStatsBase,“,","
“, Optim,“,","
“, OptimBase,“,","
“, OrdinaryDiffEq,“,","
“, PDMats,“,","
“, PaddedViews,“,","
“, ParameterizedFunctions,“,","
“, Parameters,“,","
“, Parquet,“,","
“, ParquetFiles,“,","
“, ParserCombinator,“,","
“, PenaltyFunctions,“,","
“, Pidfile,“,","
“, PlotThemes,“,","
“, PlotUtils,“,","
“, PlotlyBase,“,","
“, PlotlyJS,“,","
“, Plots,“,","
“, PoissonRandom,“,","
“, Polynomials,“,","
“, PooledArrays,“,","
“, PositiveFactorizations,“,","
“, Primes,“,","
“, ProgressMeter,“,","
“, ProtoBuf,“,","
“, PyCall,“,","
“, PyPlot,“,","
“, QuadGK,“,","
“, QuantEcon,“,","
“, Query,“,","
“, QueryOperators,“,","
“, Queryverse,“,","
“, RCall,“,","
“, RData,“,","
“, RDatasets,“,","
“, RandomNumbers,“,","
“, RangeArrays,“,","
“, Ratios,“,","
“, Reactive,“,","
“, ReadStat,“,","
“, RecipesBase,“,","
“, RecursiveArrayTools,“,","
“, Reexport,“,","
“, Requests,“,","
“, Requires,“,","
“, ResettableStacks,“,","
“, ReverseDiffSparse,“,","
“, Rmath,“,","
“, Roots,“,","
“, Rotations,“,","
“, Rsvg,“,","
“, SHA,“,","
“, SIUnits,“,","
“, ScikitLearnBase,“,","
“, ShowItLikeYouBuildIt,“,","
“, Showoff,“,","
“, SimpleTraits,“,","
“, Snappy,“,","
“, SortingAlgorithms,“,","
“, SpecialFunctions,“,","
“, StatFiles,“,","
“, StatPlots,“,","
“, StaticArrays,“,","
“, StatsBase,“,","
“, StatsFuns,“,","
“, StatsModels,“,","
“, SteadyStateDiffEq,“,","
“, StochasticDiffEq,“,","
“, StringDistances,“,","
“, Sundials,“,","
“, Suppressor,“,","
“, SweepOperator,“,","
“, SymEngine,“,","
“, Syslogs,“,","
“, TableShowUtils,“,","
“, TableTraits,“,","
“, TableTraitsUtils,“,","
“, TexExtensions,“,","
“, TextParse,“,","
“, Thrift,“,","
“, TiledIteration,“,","
“, TimeZones,“,","
“, TimeseriesPrediction,“,","
“, Tokenize,“,","
“, TranscodingStreams,“,","
“, URIParser,“,","
“, VectorizedRoutines,“,","
“, VegaDatasets,“,","
“, VegaLite,“,","
“, VersionParsing,“,","
“, WeakRefStrings,“,","
“, WebIO,“,","
“, WebSockets,“,","
“, Widgets,“,","
“, WoodburyMatrices,“,","
“, YAML,“,","
“, ZMQ,“,","
“, ZipFile,“,","
Close,,Close,
